ACCELEROMETER X (m/s²),ACCELEROMETER Y (m/s²),ACCELEROMETER Z (m/s²),LINEAR ACCELERATION X (m/s²),LINEAR ACCELERATION Y (m/s²),LINEAR ACCELERATION Z (m/s²),GYROSCOPE X (rad/s),GYROSCOPE Y (rad/s),GYROSCOPE Z (rad/s),Time since start in ms ,YYYY-MO-DD HH-MI-SS_SSS
3.3246,-8.6558,2.4454,-0.1099,-0.2789,0.2276,0.0091,-0.0944,-0.1213,2,2019-08-07 16:21:21:607
3.3246,-8.6558,2.4454,-0.1099,-0.2789,0.2276,0.0091,-0.0944,-0.1213,8,2019-08-07 16:21:21:613
3.4872,-8.5794,2.3982,-0.1963,-0.2791,0.2632,0.0123,-0.0784,-0.1245,13,2019-08-07 16:21:21:618
3.4872,-8.5794,2.3982,-0.1963,-0.2791,0.2632,0.0123,-0.0784,-0.1245,18,2019-08-07 16:21:21:623
3.5303,-8.5126,2.4972,-0.1963,-0.2791,0.2632,0.0197,-0.0486,-0.1341,22,2019-08-07 16:21:21:627
3.5303,-8.5126,2.4972,-0.1963,-0.2791,0.2632,0.0197,-0.0486,-0.1341,28,2019-08-07 16:21:21:633
3.5303,-8.5126,2.4972,-0.1779,-0.3499,0.1025,0.0144,-0.0294,-0.1351,33,2019-08-07 16:21:21:638
3.5303,-8.5078,2.5302,-0.1779,-0.3499,0.1025,0.0144,-0.0294,-0.1351,38,2019-08-07 16:21:21:643
3.5303,-8.5078,2.5302,-0.1779,-0.3499,0.1025,0.0027,-0.0443,-0.1202,43,2019-08-07 16:21:21:648
3.6307,-8.6749,2.5161,-0.1779,-0.3499,0.1025,0.0027,-0.0443,-0.1202,48,2019-08-07 16:21:21:653
3.6307,-8.6749,2.5161,-0.3151,-0.0689,0.1234,-0.0112,-0.0518,-0.1128,53,2019-08-07 16:21:21:658
3.6307,-8.6749,2.5161,-0.3151,-0.0689,0.1234,-0.0112,-0.0518,-0.1128,57,2019-08-07 16:21:21:662
3.6881,-8.8563,2.6009,-0.3151,-0.0689,0.1234,-0.0218,-0.0283,-0.117,63,2019-08-07 16:21:21:668
3.6881,-8.8563,2.6009,-0.3151,-0.0689,0.1234,-0.0218,-0.0283,-0.117,67,2019-08-07 16:21:21:672
3.5207,-8.9088,2.6622,-0.1293,0.0814,-0.0522,-0.0218,-0.0283,-0.117,73,2019-08-07 16:21:21:678
3.5207,-8.9088,2.6622,-0.1293,0.0814,-0.0522,-0.0271,0.0015,-0.1106,78,2019-08-07 16:21:21:683
3.5207,-8.9088,2.6622,-0.1293,0.0814,-0.0522,-0.0271,0.0015,-0.1106,83,2019-08-07 16:21:21:688
3.425,-8.9279,2.5679,-0.1293,0.0814,-0.0522,-0.0271,0.0185,-0.0968,87,2019-08-07 16:21:21:692
3.425,-8.9279,2.5679,-0.1293,0.0814,-0.0522,-0.0271,0.0185,-0.0968,93,2019-08-07 16:21:21:698
3.425,-8.9279,2.5679,0.0801,0.068,-0.0423,-0.0271,0.0185,-0.0968,98,2019-08-07 16:21:21:703
3.2958,-8.8849,2.5491,0.0801,0.068,-0.0423,-0.0218,0.0303,-0.0883,102,2019-08-07 16:21:21:707
3.2958,-8.8849,2.5491,0.0801,0.068,-0.0423,-0.0218,0.0303,-0.0883,108,2019-08-07 16:21:21:713
3.2288,-8.8611,2.648,0.0801,0.068,-0.0423,-0.0154,0.0334,-0.0883,113,2019-08-07 16:21:21:718
3.2288,-8.8611,2.648,0.1708,0.0397,-0.0389,-0.0154,0.0334,-0.0883,118,2019-08-07 16:21:21:723
3.2288,-8.8611,2.648,0.1708,0.0397,-0.0389,-0.0069,0.0143,-0.0957,122,2019-08-07 16:21:21:727
3.1905,-8.8563,2.7046,0.2404,0.0425,-0.1002,-0.0069,0.0143,-0.0957,128,2019-08-07 16:21:21:733
3.1905,-8.8563,2.7046,0.2404,0.0425,-0.1002,-5.0E-4,-0.0113,-0.1,133,2019-08-07 16:21:21:738
3.1905,-8.8563,2.7046,0.2404,0.0425,-0.1002,-5.0E-4,-0.0113,-0.1,138,2019-08-07 16:21:21:743
3.2479,-8.9183,2.6292,0.2404,0.0425,-0.1002,-5.0E-4,-0.0113,-0.1,142,2019-08-07 16:21:21:747
3.2479,-8.9183,2.6292,0.181,0.1157,-0.0214,-0.0037,-0.0454,-0.0957,148,2019-08-07 16:21:21:753
3.3244,-8.9852,2.5538,0.181,0.1157,-0.0214,-0.0037,-0.0688,-0.0947,153,2019-08-07 16:21:21:758
3.3244,-8.9852,2.5538,0.181,0.1157,-0.0214,-0.0037,-0.0688,-0.0947,158,2019-08-07 16:21:21:763
3.3244,-8.9852,2.5538,0.181,0.1157,-0.0214,-0.0037,-0.0688,-0.0947,163,2019-08-07 16:21:21:768
3.4823,-8.9422,2.4312,-0.0146,0.1407,0.1659,-0.0037,-0.072,-0.0925,168,2019-08-07 16:21:21:773
3.4823,-8.9422,2.4312,-0.0146,0.1407,0.1659,-0.0037,-0.072,-0.0925,173,2019-08-07 16:21:21:778
3.5684,-8.904,2.3511,-0.0905,0.1057,0.2431,0.0037,-0.039,-0.0947,178,2019-08-07 16:21:21:783
3.5684,-8.904,2.3511,-0.0905,0.1057,0.2431,0.0037,-0.039,-0.0947,183,2019-08-07 16:21:21:788
3.5684,-8.904,2.3511,-0.0905,0.1057,0.2431,0.0165,0.0398,-0.1021,187,2019-08-07 16:21:21:792
3.6545,-8.8372,2.3841,-0.0905,0.1057,0.2431,0.0165,0.0398,-0.1021,193,2019-08-07 16:21:21:798
3.6545,-8.8372,2.3841,-0.1302,-0.0538,0.1459,0.0176,0.0888,-0.1011,198,2019-08-07 16:21:21:803
3.5253,-8.6797,2.4548,-0.1302,-0.0538,0.1459,0.0176,0.0888,-0.1011,203,2019-08-07 16:21:21:808
3.5253,-8.6797,2.4548,-0.1302,-0.0538,0.1459,0.0176,0.0888,-0.1011,208,2019-08-07 16:21:21:813
3.5253,-8.6797,2.4548,-0.1302,-0.0538,0.1459,0.0208,0.1208,-0.1,213,2019-08-07 16:21:21:818
3.4679,-8.651,2.6386,0.0402,-0.1317,-0.032,0.0208,0.1208,-0.1,218,2019-08-07 16:21:21:823
3.4679,-8.651,2.6386,0.0402,-0.1317,-0.032,0.0155,0.1016,-0.1011,224,2019-08-07 16:21:21:829
3.4105,-8.6749,2.7046,0.1037,-0.1038,-0.0927,0.0155,0.1016,-0.1011,228,2019-08-07 16:21:21:833
3.4105,-8.6749,2.7046,0.1037,-0.1038,-0.0927,0.0091,0.0579,-0.1021,232,2019-08-07 16:21:21:837
3.4105,-8.6749,2.7046,0.1037,-0.1038,-0.0927,0.0091,0.0579,-0.1021,238,2019-08-07 16:21:21:843
3.4966,-8.6701,2.7234,0.1037,-0.1038,-0.0927,-0.0026,0.0068,-0.0936,243,2019-08-07 16:21:21:848
3.4966,-8.6701,2.7234,-0.0675,-0.0868,-0.0647,-0.0026,0.0068,-0.0936,248,2019-08-07 16:21:21:853
3.4966,-8.6701,2.7234,-0.0675,-0.0868,-0.0647,-0.0026,0.0068,-0.0936,252,2019-08-07 16:21:21:857
3.7836,-8.7226,2.6292,-0.0675,-0.0868,-0.0647,-0.0176,-0.0528,-0.0819,258,2019-08-07 16:21:21:863
3.7836,-8.7226,2.6292,-0.0675,-0.0868,-0.0647,-0.0176,-0.0528,-0.0819,262,2019-08-07 16:21:21:867
3.9271,-8.756,2.4689,-0.36,-0.0431,0.1359,-0.025,-0.0539,-0.0787,268,2019-08-07 16:21:21:873
3.9271,-8.756,2.4689,-0.36,-0.0431,0.1359,-0.025,-0.0539,-0.0787,274,2019-08-07 16:21:21:879
3.9271,-8.756,2.4689,-0.36,-0.0431,0.1359,-0.024,-0.0198,-0.0755,278,2019-08-07 16:21:21:883
3.908,-8.7226,2.4453,-0.36,-0.0431,0.1359,-0.024,-0.0198,-0.0755,282,2019-08-07 16:21:21:887
3.908,-8.7226,2.4453,-0.3877,-0.0624,0.1778,-0.0101,0.0558,-0.0648,288,2019-08-07 16:21:21:893
3.908,-8.7226,2.4453,-0.3877,-0.0624,0.1778,-0.0101,0.0558,-0.0648,292,2019-08-07 16:21:21:897
3.8649,-8.6605,2.516,-0.3877,-0.0624,0.1778,-0.0026,0.107,-0.0595,299,2019-08-07 16:21:21:904
3.8649,-8.6605,2.516,-0.3877,-0.0624,0.1778,-0.0026,0.107,-0.0595,302,2019-08-07 16:21:21:907
3.5683,-8.5603,2.6339,0.0017,-0.1962,-0.0231,0.0123,0.1389,-0.0606,308,2019-08-07 16:21:21:913
3.5683,-8.5603,2.6339,0.0017,-0.1962,-0.0231,0.0123,0.1389,-0.0606,312,2019-08-07 16:21:21:917
3.5683,-8.5603,2.6339,0.0017,-0.1962,-0.0231,0.0165,0.1378,-0.0648,318,2019-08-07 16:21:21:923
3.4247,-8.46,2.7564,0.0017,-0.1962,-0.0231,0.0165,0.1378,-0.0648,323,2019-08-07 16:21:21:928
3.4247,-8.46,2.7564,0.2595,-0.3623,-0.2029,0.0176,0.1006,-0.0712,328,2019-08-07 16:21:21:933
3.2764,-8.4075,2.7376,0.2595,-0.3623,-0.2029,0.0176,0.1006,-0.0712,333,2019-08-07 16:21:21:938
3.2764,-8.4075,2.7376,0.2595,-0.3623,-0.2029,0.0091,0.0558,-0.0723,338,2019-08-07 16:21:21:943
3.2764,-8.4075,2.7376,0.2595,-0.3623,-0.2029,0.0091,0.0558,-0.0723,343,2019-08-07 16:21:21:948
3.2668,-8.3789,2.6668,0.2587,-0.3661,-0.04,-0.008,-6.0E-4,-0.067,348,2019-08-07 16:21:21:953
3.2668,-8.3789,2.6668,0.2587,-0.3661,-0.04,-0.008,-6.0E-4,-0.067,353,2019-08-07 16:21:21:958
3.2668,-8.3789,2.6668,0.2587,-0.3661,-0.04,-0.008,-6.0E-4,-0.067,358,2019-08-07 16:21:21:963
3.4199,-8.4839,2.6621,0.1692,-0.259,-0.0322,-0.025,-0.0379,-0.0691,362,2019-08-07 16:21:21:967
3.4199,-8.4839,2.6621,0.1692,-0.259,-0.0322,-0.025,-0.0379,-0.0691,368,2019-08-07 16:21:21:973
3.5251,-8.5507,2.3557,0.1692,-0.259,-0.0322,-0.0357,-0.0496,-0.0616,372,2019-08-07 16:21:21:977
3.5251,-8.5507,2.3557,0.03,-0.1463,0.213,-0.0357,-0.0496,-0.0616,378,2019-08-07 16:21:21:983
3.5251,-8.5507,2.3557,0.03,-0.1463,0.213,-0.0378,-0.0443,-0.0499,383,2019-08-07 16:21:21:988
3.5682,-8.5985,2.2803,0.03,-0.1463,0.213,-0.0378,-0.0443,-0.0499,388,2019-08-07 16:21:21:993
3.5682,-8.5985,2.2803,0.03,-0.1463,0.213,-0.0399,-0.023,-0.0499,393,2019-08-07 16:21:21:998
3.5538,-8.651,2.2332,0.0457,-0.0781,0.358,-0.0399,-0.023,-0.0499,398,2019-08-07 16:21:22:003
3.5538,-8.651,2.2332,0.0457,-0.0781,0.358,-0.0378,-0.0092,-0.0499,403,2019-08-07 16:21:22:008
3.5538,-8.651,2.2332,0.0457,-0.0781,0.358,-0.0378,-0.0092,-0.0499,408,2019-08-07 16:21:22:013
3.5299,-8.6749,2.3274,0.0457,-0.0781,0.358,-0.0346,-0.0081,-0.0521,413,2019-08-07 16:21:22:018
3.5299,-8.6749,2.3274,0.065,-0.0144,0.2607,-0.0346,-0.0081,-0.0521,418,2019-08-07 16:21:22:023
3.5634,-8.6796,2.3887,0.065,-0.0144,0.2607,-0.0186,-0.0038,-0.0606,424,2019-08-07 16:21:22:029
3.5634,-8.6796,2.3887,0.065,-0.0144,0.2607,-0.0186,-0.0038,-0.0606,428,2019-08-07 16:21:22:033
3.5634,-8.6796,2.3887,0.065,-0.0144,0.2607,-0.0133,-0.0198,-0.0723,433,2019-08-07 16:21:22:038
3.592,-8.6605,2.4453,0.0061,-0.1011,0.1522,-0.0133,-0.0198,-0.0723,438,2019-08-07 16:21:22:043
3.592,-8.6605,2.4453,0.0061,-0.1011,0.1522,-0.0197,-0.0454,-0.0766,443,2019-08-07 16:21:22:048
3.7212,-8.6271,2.3557,0.0061,-0.1011,0.1522,-0.0197,-0.0454,-0.0766,448,2019-08-07 16:21:22:053
3.7212,-8.6271,2.3557,0.0061,-0.1011,0.1522,-0.0367,-0.0731,-0.0755,453,2019-08-07 16:21:22:058
3.7212,-8.6271,2.3557,0.0061,-0.1011,0.1522,-0.0367,-0.0731,-0.0755,458,2019-08-07 16:21:22:063
3.6542,-8.756,2.5301,-8.0E-4,0.0271,0.0573,-0.0495,-0.1029,-0.067,463,2019-08-07 16:21:22:068
3.6542,-8.756,2.5301,-8.0E-4,0.0271,0.0573,-0.0495,-0.1029,-0.067,467,2019-08-07 16:21:22:072
3.6542,-8.756,2.5301,-8.0E-4,0.0271,0.0573,-0.0495,-0.1029,-0.067,474,2019-08-07 16:21:22:079
3.7977,-8.9135,2.4028,-8.0E-4,0.0271,0.0573,-0.0602,-0.1199,-0.0584,478,2019-08-07 16:21:22:083
3.7977,-8.9135,2.4028,-0.1654,0.1864,0.1708,-0.0602,-0.1199,-0.0584,483,2019-08-07 16:21:22:088
3.8503,-9.0568,2.3133,-0.1654,0.1864,0.1708,-0.057,-0.0965,-0.0553,488,2019-08-07 16:21:22:093
3.8503,-9.0568,2.3133,-0.1654,0.1864,0.1708,-0.057,-0.0965,-0.0553,493,2019-08-07 16:21:22:098
3.8503,-9.0568,2.3133,-0.1654,0.1864,0.1708,-0.0591,-0.0337,-0.0499,498,2019-08-07 16:21:22:103
3.769,-9.1427,2.2049,-0.1366,0.3971,0.3787,-0.0591,-0.0337,-0.0499,503,2019-08-07 16:21:22:108
3.769,-9.1427,2.2049,-0.1366,0.3971,0.3787,-0.0591,-0.0337,-0.0499,508,2019-08-07 16:21:22:113
3.769,-9.1427,2.2049,-0.1366,0.3971,0.3787,-0.0559,0.0345,-0.0521,513,2019-08-07 16:21:22:118
3.5489,-9.3623,2.3557,-0.1366,0.3971,0.3787,-0.0559,0.0345,-0.0521,517,2019-08-07 16:21:22:122
3.5489,-9.3623,2.3557,0.2478,0.7218,0.2847,-0.0591,0.0931,-0.0627,523,2019-08-07 16:21:22:128
3.3671,-9.5819,2.3368,0.2478,0.7218,0.2847,-0.0591,0.0931,-0.0627,528,2019-08-07 16:21:22:133
3.3671,-9.5819,2.3368,0.2478,0.7218,0.2847,-0.0666,0.0942,-0.068,532,2019-08-07 16:21:22:137
3.3671,-9.5819,2.3368,0.2478,0.7218,0.2847,-0.0666,0.0942,-0.068,538,2019-08-07 16:21:22:143
2.9652,-10.0497,2.5867,0.7301,1.3228,-0.0525,-0.0804,0.0388,-0.0776,543,2019-08-07 16:21:22:148
2.9652,-10.0497,2.5867,0.7301,1.3228,-0.0525,-0.0804,0.0388,-0.0776,547,2019-08-07 16:21:22:152
2.7786,-10.3791,2.6527,0.7301,1.3228,-0.0525,-0.09,-0.0411,-0.0787,553,2019-08-07 16:21:22:158
2.7786,-10.3791,2.6527,0.7301,1.3228,-0.0525,-0.09,-0.0411,-0.0787,558,2019-08-07 16:21:22:163
2.7786,-10.3791,2.6527,1.0448,1.9463,-0.1797,-0.0953,-0.105,-0.0691,563,2019-08-07 16:21:22:168
2.5872,-10.8851,2.8035,1.0448,1.9463,-0.1797,-0.0953,-0.105,-0.0691,568,2019-08-07 16:21:22:173
2.5872,-10.8851,2.8035,1.0448,1.9463,-0.1797,-0.0687,-0.2062,-0.0084,573,2019-08-07 16:21:22:178
2.4488,-11.5487,3.2325,1.0448,1.9463,-0.1797,-0.0687,-0.2062,-0.0084,579,2019-08-07 16:21:22:184
2.4488,-11.5487,3.2325,1.3537,3.2241,-0.8855,-0.0101,-0.284,0.0832,582,2019-08-07 16:21:22:187
2.4488,-11.5487,3.2325,1.3537,3.2241,-0.8855,-0.0101,-0.284,0.0832,588,2019-08-07 16:21:22:193
2.4488,-11.5487,3.2325,1.3537,3.2241,-0.8855,-0.0101,-0.284,0.0832,592,2019-08-07 16:21:22:197
2.2335,-13.0477,3.6332,1.4642,4.306,-1.1541,0.073,-0.3319,0.2057,598,2019-08-07 16:21:22:203
2.2335,-13.0477,3.6332,1.4642,4.306,-1.1541,0.073,-0.3319,0.2057,603,2019-08-07 16:21:22:208
2.1952,-15.2675,4.3497,1.4642,4.306,-1.1541,0.2211,-0.2851,0.4444,608,2019-08-07 16:21:22:213
2.1952,-15.2675,4.3497,1.3202,7.2671,-1.9587,0.2211,-0.2851,0.4444,612,2019-08-07 16:21:22:217
2.09,-17.2725,4.7692,1.3202,7.2671,-1.9587,0.3318,-0.1093,0.6041,618,2019-08-07 16:21:22:223
2.09,-17.2725,4.7692,1.3202,7.2671,-1.9587,0.3318,-0.1093,0.6041,622,2019-08-07 16:21:22:227
2.09,-17.2725,4.7692,1.3202,7.2671,-1.9587,0.4,0.0952,0.7575,628,2019-08-07 16:21:22:233
1.5972,-19.5019,5.3867,1.9063,10.7009,-2.8363,0.4,0.0952,0.7575,633,2019-08-07 16:21:22:238
1.5972,-19.5019,5.3867,1.9063,10.7009,-2.8363,0.5129,0.5831,1.1975,638,2019-08-07 16:21:22:243
1.1379,-21.335,6.1834,2.2503,12.5063,-3.5738,0.5129,0.5831,1.1975,643,2019-08-07 16:21:22:248
1.1379,-21.335,6.1834,2.2503,12.5063,-3.5738,0.645,0.9837,1.598,648,2019-08-07 16:21:22:253
1.1379,-21.335,6.1834,2.2503,12.5063,-3.5738,0.645,0.9837,1.598,653,2019-08-07 16:21:22:258
-0.4696,-26.0325,6.518,2.2503,12.5063,-3.5738,0.645,0.9837,1.598,658,2019-08-07 16:21:22:263
-0.4696,-26.0325,6.518,4.4244,19.6796,-4.1015,0.8219,1.4396,2.1062,663,2019-08-07 16:21:22:268
-2.546,-31.5797,7.1968,4.4244,19.6796,-4.1015,0.8219,1.4396,2.1062,668,2019-08-07 16:21:22:273
-2.546,-31.5797,7.1968,4.4244,19.6796,-4.1015,1.0562,2.0574,2.9669,672,2019-08-07 16:21:22:277
-2.546,-31.5797,7.1968,4.4244,19.6796,-4.1015,1.0562,2.0574,2.9669,678,2019-08-07 16:21:22:283
-4.0243,-35.5276,7.3241,6.6357,27.9784,-3.8956,1.2,2.5848,3.7168,683,2019-08-07 16:21:22:288
-4.0243,-35.5276,7.3241,6.6357,27.9784,-3.8956,1.2,2.5848,3.7168,688,2019-08-07 16:21:22:293
-3.8952,-36.1291,5.3584,6.6357,27.9784,-3.8956,1.2554,3.1216,4.2441,693,2019-08-07 16:21:22:298
-3.8952,-36.1291,5.3584,6.6357,27.9784,-3.8956,1.2554,3.1216,4.2441,697,2019-08-07 16:21:22:302
-3.8952,-36.1291,5.3584,2.062,26.2894,0.3203,1.2554,3.1216,4.2441,703,2019-08-07 16:21:22:308
0.3197,-35.3462,1.9975,2.062,26.2894,0.3203,1.2458,4.4564,4.3017,708,2019-08-07 16:21:22:313
0.3197,-35.3462,1.9975,2.062,26.2894,0.3203,1.2458,4.4564,4.3017,713,2019-08-07 16:21:22:318
4.0323,-32.7731,-3.2207,2.062,26.2894,0.3203,0.7505,6.1971,3.8596,718,2019-08-07 16:21:22:323
4.0323,-32.7731,-3.2207,-3.6794,22.6088,8.802,0.7505,6.1971,3.8596,723,2019-08-07 16:21:22:328
4.0323,-32.7731,-3.2207,-3.6794,22.6088,8.802,0.0868,8.351,3.2897,728,2019-08-07 16:21:22:333
2.5396,-30.8015,-7.581,-3.6794,22.6088,8.802,0.0868,8.351,3.2897,733,2019-08-07 16:21:22:338
2.5396,-30.8015,-7.581,-3.6794,22.6088,8.802,-0.4309,11.4797,2.5557,737,2019-08-07 16:21:22:342
-2.7805,-30.4864,-12.5352,3.6052,21.2244,17.1348,-0.4309,11.4797,2.5557,743,2019-08-07 16:21:22:348
-2.7805,-30.4864,-12.5352,3.6052,21.2244,17.1348,-0.8953,13.2267,2.0167,747,2019-08-07 16:21:22:352
-2.7805,-30.4864,-12.5352,3.6052,21.2244,17.1348,-0.8953,13.2267,2.0167,753,2019-08-07 16:21:22:358
-15.5592,-32.6203,-18.6678,3.6052,21.2244,17.1348,-1.0157,15.4308,1.385,758,2019-08-07 16:21:22:363
-15.5592,-32.6203,-18.6678,16.2158,23.5125,19.2658,-1.0157,15.4308,1.385,763,2019-08-07 16:21:22:368
-16.9036,-31.1214,-8.0429,16.2158,23.5125,19.2658,-1.0157,15.4308,1.385,767,2019-08-07 16:21:22:372
-16.9036,-31.1214,-8.0429,16.2158,23.5125,19.2658,0.6152,17.5922,-0.2619,773,2019-08-07 16:21:22:378
-16.9036,-31.1214,-8.0429,16.2158,23.5125,19.2658,0.6152,17.5922,-0.2619,778,2019-08-07 16:21:22:383
-4.9478,-24.9536,12.1699,0.6812,14.5153,-8.0595,4.0102,14.1205,-2.0942,784,2019-08-07 16:21:22:389
-4.9478,-24.9536,12.1699,0.6812,14.5153,-8.0595,4.0102,14.1205,-2.0942,787,2019-08-07 16:21:22:392
-1.1108,-19.1104,0.984,0.6812,14.5153,-8.0595,7.3061,9.7423,-3.4183,793,2019-08-07 16:21:22:398
-1.1108,-19.1104,0.984,0.6812,14.5153,-8.0595,7.3061,9.7423,-3.4183,798,2019-08-07 16:21:22:403
-1.1108,-19.1104,0.984,-3.1314,-3.461,7.9941,10.4934,8.0719,-4.6487,803,2019-08-07 16:21:22:408
-2.0485,-2.4068,-5.7756,-3.1314,-3.461,7.9941,10.4934,8.0719,-4.6487,808,2019-08-07 16:21:22:413
-2.0485,-2.4068,-5.7756,-3.1314,-3.461,7.9941,10.4934,8.0719,-4.6487,812,2019-08-07 16:21:22:417
-11.3874,60.3641,24.7887,-3.1314,-3.461,7.9941,12.69,8.8602,-4.1981,818,2019-08-07 16:21:22:423
-11.3874,60.3641,24.7887,-3.1314,-3.461,7.9941,12.69,8.8602,-4.1981,822,2019-08-07 16:21:22:427
-11.3874,60.3641,24.7887,2.9214,-116.2034,6.0424,11.7376,4.7856,-2.7333,828,2019-08-07 16:21:22:433
-3.3977,98.4544,6.6076,2.9214,-116.2034,6.0424,11.7376,4.7856,-2.7333,834,2019-08-07 16:21:22:439
-3.3977,98.4544,6.6076,2.9214,-116.2034,6.0424,13.5124,2.131,-2.026,839,2019-08-07 16:21:22:444
-18.4776,69.7495,-16.7635,2.9214,-116.2034,6.0424,13.5124,2.131,-2.026,843,2019-08-07 16:21:22:448
-18.4776,69.7495,-16.7635,16.0432,-77.4655,43.2876,13.5124,2.131,-2.026,848,2019-08-07 16:21:22:453
-18.4776,69.7495,-16.7635,16.0432,-77.4655,43.2876,5.1937,-5.9736,3.2045,852,2019-08-07 16:21:22:457
-18.4776,69.7495,-16.7635,16.0432,-77.4655,43.2876,5.1937,-5.9736,3.2045,858,2019-08-07 16:21:22:463
8.8117,54.774,-38.8901,16.0432,-77.4655,43.2876,-1.722,-8.4503,4.4934,863,2019-08-07 16:21:22:468
8.8117,54.774,-38.8901,-26.5373,-56.6357,27.2397,-1.722,-8.4503,4.4934,867,2019-08-07 16:21:22:472
19.5666,37.3639,-18.2719,-26.5373,-56.6357,27.2397,-4.024,-0.6323,2.4492,873,2019-08-07 16:21:22:478
19.5666,37.3639,-18.2719,-18.9833,-41.0884,24.7847,-4.024,-0.6323,2.4492,878,2019-08-07 16:21:22:483
19.5666,37.3639,-18.2719,-18.9833,-41.0884,24.7847,-4.5598,3.6447,1.4542,883,2019-08-07 16:21:22:488
7.2616,21.6389,-3.3197,-18.9833,-41.0884,24.7847,-4.5598,3.6447,1.4542,888,2019-08-07 16:21:22:493
7.2616,21.6389,-3.3197,-18.9833,-41.0884,24.7847,-5.9916,1.218,0.9866,893,2019-08-07 16:21:22:498
-3.3882,16.5643,9.0917,-1.7631,-24.4718,-4.9576,-5.9916,1.218,0.9866,898,2019-08-07 16:21:22:503
-3.3882,16.5643,9.0917,-1.7631,-24.4718,-4.9576,-5.9916,1.218,0.9866,902,2019-08-07 16:21:22:507
-3.3882,16.5643,9.0917,-1.7631,-24.4718,-4.9576,-6.3005,-1.7178,1.0036,908,2019-08-07 16:21:22:513
-8.1437,12.2631,16.8648,-1.7631,-24.4718,-4.9576,-6.3005,-1.7178,1.0036,912,2019-08-07 16:21:22:517
-8.1437,12.2631,16.8648,1.4988,-16.6557,-8.0734,-3.4743,-1.1735,1.0111,918,2019-08-07 16:21:22:523
-0.5416,8.4107,9.9779,1.4988,-16.6557,-8.0734,-3.4743,-1.1735,1.0111,922,2019-08-07 16:21:22:527
-0.5416,8.4107,9.9779,1.4988,-16.6557,-8.0734,-1.8072,-3.1357,0.3059,929,2019-08-07 16:21:22:534
-0.5416,8.4107,9.9779,1.4988,-16.6557,-8.0734,-1.8072,-3.1357,0.3059,934,2019-08-07 16:21:22:539
-3.3978,10.5302,-2.146,0.9659,-18.4065,7.4645,-2.6062,-5.9842,0.1663,938,2019-08-07 16:21:22:543
-3.3978,10.5302,-2.146,0.9659,-18.4065,7.4645,-2.6062,-5.9842,0.1663,942,2019-08-07 16:21:22:547
-1.9194,6.9833,-9.0423,0.9659,-18.4065,7.4645,-4.007,-5.5858,0.7384,948,2019-08-07 16:21:22:553
-1.9194,6.9833,-9.0423,0.9659,-18.4065,7.4645,-4.007,-5.5858,0.7384,953,2019-08-07 16:21:22:558
-1.9194,6.9833,-9.0423,0.9659,-18.4065,7.4645,-4.007,-5.5858,0.7384,957,2019-08-07 16:21:22:562
2.1615,2.5484,-0.086,-4.0878,-10.7683,5.0819,-4.7441,-5.6636,1.0761,963,2019-08-07 16:21:22:568
2.1615,2.5484,-0.086,-4.0878,-10.7683,5.0819,-4.7441,-5.6636,1.0761,968,2019-08-07 16:21:22:573
2.1615,2.5484,-0.086,-4.0878,-10.7683,5.0819,-2.7713,-6.5765,0.5274,973,2019-08-07 16:21:22:578
5.0177,-6.4932,6.2823,-6.4538,-0.8696,0.9721,-2.7713,-6.5765,0.5274,978,2019-08-07 16:21:22:583
5.0177,-6.4932,6.2823,-6.4538,-0.8696,0.9721,-1.3704,-5.0692,0.0491,983,2019-08-07 16:21:22:588
7.4337,-12.618,5.0567,-6.4538,-0.8696,0.9721,-1.3704,-5.0692,0.0491,988,2019-08-07 16:21:22:593
7.4337,-12.618,5.0567,-6.4538,-0.8696,0.9721,-0.8122,-4.006,-0.6294,993,2019-08-07 16:21:22:598
7.4337,-12.618,5.0567,-6.7161,8.3355,-1.7664,-0.8122,-4.006,-0.6294,998,2019-08-07 16:21:22:603
0.7023,-20.4041,4.788,-6.7161,8.3355,-1.7664,-0.873,-3.663,-0.7626,1003,2019-08-07 16:21:22:608
0.7023,-20.4041,4.788,-6.7161,8.3355,-1.7664,-0.873,-3.663,-0.7626,1008,2019-08-07 16:21:22:613
0.7023,-20.4041,4.788,0.7684,11.0847,0.8145,-0.873,-3.663,-0.7626,1012,2019-08-07 16:21:22:617
-1.8286,-22.7385,8.988,0.7684,11.0847,0.8145,-0.9614,-3.6524,0.1248,1018,2019-08-07 16:21:22:623
-1.8286,-22.7385,8.988,0.7684,11.0847,0.8145,-0.9614,-3.6524,0.1248,1023,2019-08-07 16:21:22:628
-3.881,-24.6337,9.0022,3.2663,16.0909,-3.6886,-0.3062,-4.4502,0.8151,1028,2019-08-07 16:21:22:633
-3.881,-24.6337,9.0022,3.2663,16.0909,-3.6886,-0.3062,-4.4502,0.8151,1034,2019-08-07 16:21:22:639
0.9319,-28.892,8.1018,3.2663,16.0909,-3.6886,0.8709,-4.9712,0.8385,1038,2019-08-07 16:21:22:643
0.9319,-28.892,8.1018,3.2663,16.0909,-3.6886,0.8709,-4.9712,0.8385,1043,2019-08-07 16:21:22:648
0.9319,-28.892,8.1018,-4.2353,21.8413,-0.792,1.6954,-4.5216,-0.3695,1048,2019-08-07 16:21:22:653
3.9173,-28.7153,4.4769,-4.2353,21.8413,-0.792,1.6954,-4.5216,-0.3695,1053,2019-08-07 16:21:22:658
3.9173,-28.7153,4.4769,-4.2353,21.8413,-0.792,1.6954,-4.5216,-0.3695,1058,2019-08-07 16:21:22:663
3.9173,-28.7153,4.4769,-2.1742,16.8459,-0.1072,1.5494,-3.6193,-1.6201,1063,2019-08-07 16:21:22:668
0.4343,-21.8219,6.6688,-2.1742,16.8459,-0.1072,1.5494,-3.6193,-1.6201,1067,2019-08-07 16:21:22:672
0.4343,-21.8219,6.6688,-2.1742,16.8459,-0.1072,1.0978,-2.5434,-1.9408,1073,2019-08-07 16:21:22:678
-1.2497,-20.2657,8.5826,2.521,11.8594,-3.6821,1.0978,-2.5434,-1.9408,1078,2019-08-07 16:21:22:683
-1.2497,-20.2657,8.5826,2.521,11.8594,-3.6821,0.8453,-2.4731,-1.7181,1083,2019-08-07 16:21:22:688
-1.2497,-20.2657,8.5826,2.521,11.8594,-3.6821,0.8453,-2.4731,-1.7181,1088,2019-08-07 16:21:22:693
-3.4314,-23.2302,9.3887,2.521,11.8594,-3.6821,0.6514,-2.7735,-1.6595,1093,2019-08-07 16:21:22:698
-3.4314,-23.2302,9.3887,7.3193,15.7073,-4.9766,0.6514,-2.7735,-1.6595,1098,2019-08-07 16:21:22:703
-3.4314,-23.2302,9.3887,7.3193,15.7073,-4.9766,0.6514,-2.7735,-1.6595,1103,2019-08-07 16:21:22:708
-8.8663,-24.543,10.091,7.3193,15.7073,-4.9766,0.448,-4.4737,-1.5828,1108,2019-08-07 16:21:22:713
-8.8663,-24.543,10.091,11.2943,16.2095,-5.2176,0.448,-4.4737,-1.5828,1113,2019-08-07 16:21:22:718
-9.316,-24.0847,9.9873,11.2943,16.2095,-5.2176,0.5481,-5.556,-1.5083,1118,2019-08-07 16:21:22:723
-9.316,-24.0847,9.9873,11.2943,16.2095,-5.2176,0.5481,-5.556,-1.5083,1123,2019-08-07 16:21:22:728
-9.316,-24.0847,9.9873,11.2943,16.2095,-5.2176,0.5002,-6.3347,-1.5743,1127,2019-08-07 16:21:22:732
-4.9049,-20.4757,5.6601,8.4931,12.7843,-2.0525,0.5002,-6.3347,-1.5743,1133,2019-08-07 16:21:22:738
-4.9049,-20.4757,5.6601,8.4931,12.7843,-2.0525,0.5002,-6.3347,-1.5743,1137,2019-08-07 16:21:22:742
0.5204,-20.3707,6.5557,8.4931,12.7843,-2.0525,-0.4714,-6.6095,-1.5136,1143,2019-08-07 16:21:22:748
0.5204,-20.3707,6.5557,-0.7411,12.4375,-2.5445,-0.7941,-5.7222,-1.4689,1148,2019-08-07 16:21:22:753
0.5204,-20.3707,6.5557,-0.7411,12.4375,-2.5445,-0.7941,-5.7222,-1.4689,1153,2019-08-07 16:21:22:758
5.5008,-18.8813,6.353,-0.7411,12.4375,-2.5445,-0.7941,-5.7222,-1.4689,1158,2019-08-07 16:21:22:763
5.5008,-18.8813,6.353,-2.1847,9.9096,-3.0639,-0.449,-3.9336,-1.2462,1163,2019-08-07 16:21:22:768
4.7353,-14.1743,7.2062,-2.1847,9.9096,-3.0639,-0.449,-3.9336,-1.2462,1168,2019-08-07 16:21:22:773
4.7353,-14.1743,7.2062,-2.1847,9.9096,-3.0639,0.4022,-2.0822,-0.4334,1173,2019-08-07 16:21:22:778
4.7353,-14.1743,7.2062,-2.1847,9.9096,-3.0639,0.4022,-2.0822,-0.4334,1178,2019-08-07 16:21:22:783
2.5441,-11.0761,3.6473,1.1388,3.3226,-0.4035,0.3276,-1.329,0.4582,1183,2019-08-07 16:21:22:788
2.5441,-11.0761,3.6473,1.1388,3.3226,-0.4035,0.3276,-1.329,0.4582,1188,2019-08-07 16:21:22:793
1.8743,-10.8612,4.4015,1.1388,3.3226,-0.4035,-0.2722,-1.0808,0.9269,1193,2019-08-07 16:21:22:798
1.8743,-10.8612,4.4015,1.1388,3.3226,-0.4035,-0.2722,-1.0808,0.9269,1198,2019-08-07 16:21:22:803
1.8743,-10.8612,4.4015,3.7786,2.6669,-2.2227,-0.2722,-1.0808,0.9269,1203,2019-08-07 16:21:22:808
1.8743,-10.8612,4.4015,3.7786,2.6669,-2.2227,-0.6993,-1.9469,1.1517,1207,2019-08-07 16:21:22:812
-0.6231,-11.4675,5.1132,3.7786,2.6669,-2.2227,-0.6418,-2.4752,1.1741,1214,2019-08-07 16:21:22:819
-0.6231,-11.4675,5.1132,-2.1918,5.2425,-1.8714,-0.6418,-2.4752,1.1741,1218,2019-08-07 16:21:22:823
7.6154,-13.8115,5.4903,-2.1918,5.2425,-1.8714,-0.6418,-2.4752,1.1741,1223,2019-08-07 16:21:22:828
7.6154,-13.8115,5.4903,-2.1918,5.2425,-1.8714,-0.1156,-2.929,0.4529,1227,2019-08-07 16:21:22:832
10.1558,-12.0547,0.9274,-2.1918,5.2425,-1.8714,-0.1156,-2.929,0.4529,1234,2019-08-07 16:21:22:839
10.1558,-12.0547,0.9274,-2.1918,5.2425,-1.8714,0.3436,-1.9128,-0.1873,1238,2019-08-07 16:21:22:843
10.1558,-12.0547,0.9274,-6.0403,2.061,2.6806,0.3436,-1.9128,-0.1873,1243,2019-08-07 16:21:22:848
9.3377,-7.6532,0.0695,-6.0403,2.061,2.6806,0.6003,-0.7975,-0.0925,1248,2019-08-07 16:21:22:853
9.3377,-7.6532,0.0695,-6.0403,2.061,2.6806,0.6003,-0.7975,-0.0925,1252,2019-08-07 16:21:22:857
9.3377,-7.6532,0.0695,-6.0403,2.061,2.6806,0.6003,-0.7975,-0.0925,1258,2019-08-07 16:21:22:863
7.5675,-4.7412,-1.4012,-3.2255,-3.9664,4.753,0.5012,0.0622,0.422,1263,2019-08-07 16:21:22:868
7.5675,-4.7412,-1.4012,-3.2255,-3.9664,4.753,0.5012,0.0622,0.422,1268,2019-08-07 16:21:22:873
7.5675,-4.7412,-1.4012,-3.2255,-3.9664,4.753,0.0123,1.1168,0.8129,1273,2019-08-07 16:21:22:878
6.7972,-5.61,0.9981,-3.2255,-3.9664,4.753,0.0123,1.1168,0.8129,1278,2019-08-07 16:21:22:883
6.7972,-5.61,0.9981,-1.4677,-2.3766,0.6164,-0.3169,1.3256,0.618,1282,2019-08-07 16:21:22:887
6.7972,-5.61,0.9981,-1.4677,-2.3766,0.6164,-0.3169,1.3256,0.618,1288,2019-08-07 16:21:22:893
1.8551,-6.8178,3.9159,1.9549,-1.5925,-0.6013,-0.3286,1.0327,0.5168,1293,2019-08-07 16:21:22:898
1.8551,-6.8178,3.9159,1.9549,-1.5925,-0.6013,-0.3286,1.0327,0.5168,1298,2019-08-07 16:21:22:903
1.8551,-6.8178,3.9159,1.9549,-1.5925,-0.6013,-0.1933,0.0803,0.6223,1303,2019-08-07 16:21:22:908
0.2667,-8.1497,4.6183,1.9549,-1.5925,-0.6013,-0.1933,0.0803,0.6223,1307,2019-08-07 16:21:22:912
0.2667,-8.1497,4.6183,2.7573,0.0196,-0.9484,-0.1113,-0.6547,0.5594,1313,2019-08-07 16:21:22:918
2.3765,-8.565,4.161,2.7573,0.0196,-0.9484,-0.1113,-0.6547,0.5594,1318,2019-08-07 16:21:22:923
2.3765,-8.565,4.161,2.7573,0.0196,-0.9484,-0.1113,-0.6547,0.5594,1322,2019-08-07 16:21:22:927
2.3765,-8.565,4.161,2.7573,0.0196,-0.9484,-0.0932,-1.0574,0.324,1328,2019-08-07 16:21:22:933
4.118,-7.467,2.3227,-0.4695,-1.045,0.913,-0.0932,-1.0574,0.324,1333,2019-08-07 16:21:22:938
4.118,-7.467,2.3227,-0.4695,-1.045,0.913,-0.2029,-0.7889,0.1876,1338,2019-08-07 16:21:22:943
5.4289,-7.4002,1.3092,-1.7607,-1.1245,1.8705,-0.2029,-0.7889,0.1876,1343,2019-08-07 16:21:22:948
5.4289,-7.4002,1.3092,-1.7607,-1.1245,1.8705,-0.2029,-0.7889,0.1876,1347,2019-08-07 16:21:22:952
5.4289,-7.4002,1.3092,-1.7607,-1.1245,1.8705,-0.204,-0.1285,0.1173,1353,2019-08-07 16:21:22:958
5.4289,-7.4002,1.3092,-1.7607,-1.1245,1.8705,-0.204,-0.1285,0.1173,1357,2019-08-07 16:21:22:962
5.0222,-7.3859,1.5826,-0.6445,-1.1723,1.3182,-0.1742,0.3264,0.0971,1363,2019-08-07 16:21:22:968
5.0222,-7.3859,1.5826,-0.6445,-1.1723,1.3182,-0.1742,0.3264,0.0971,1368,2019-08-07 16:21:22:973
5.0222,-7.3859,1.5826,-0.6445,-1.1723,1.3182,-0.1347,0.8952,0.1365,1372,2019-08-07 16:21:22:977
3.0128,-7.7535,2.6243,-0.6445,-1.1723,1.3182,-0.1347,0.8952,0.1365,1378,2019-08-07 16:21:22:983
3.0128,-7.7535,2.6243,1.4343,-0.7423,-0.401,-0.1475,0.8175,0.0768,1383,2019-08-07 16:21:22:988
3.0128,-7.7535,2.6243,1.4343,-0.7423,-0.401,-0.1475,0.8175,0.0768,1387,2019-08-07 16:21:22:992
1.2378,-7.7964,4.4391,1.4343,-0.7423,-0.401,-0.1262,0.5192,0.0459,1393,2019-08-07 16:21:22:998
1.2378,-7.7964,4.4391,1.4343,-0.7423,-0.401,-0.1262,0.5192,0.0459,1399,2019-08-07 16:21:23:004
1.2378,-7.7964,4.4391,2.6571,-0.6881,-1.8876,-0.1262,0.5192,0.0459,1402,2019-08-07 16:21:23:007
1.2378,-7.7964,4.4391,2.6571,-0.6881,-1.8876,-0.0655,-0.5077,0.0502,1408,2019-08-07 16:21:23:013
0.9364,-7.8633,5.1651,2.6571,-0.6881,-1.8876,-0.0655,-0.5077,0.0502,1413,2019-08-07 16:21:23:018
0.9364,-7.8633,5.1651,2.6571,-0.6881,-1.8876,-0.0751,-1.2374,0.0555,1418,2019-08-07 16:21:23:023
0.9364,-7.8633,5.1651,1.4231,-0.4919,-1.3853,-0.0751,-1.2374,0.0555,1422,2019-08-07 16:21:23:027
2.4769,-8.1258,4.392,1.4231,-0.4919,-1.3853,-0.1081,-1.6859,0.063,1428,2019-08-07 16:21:23:033
2.4769,-8.1258,4.392,1.4231,-0.4919,-1.3853,-0.1081,-1.6859,0.063,1433,2019-08-07 16:21:23:038
2.4769,-8.1258,4.392,1.4231,-0.4919,-1.3853,-0.1401,-2.0918,0.0779,1437,2019-08-07 16:21:23:042
4.9265,-8.9183,2.2661,-1.792,0.5511,1.0322,-0.1401,-2.0918,0.0779,1443,2019-08-07 16:21:23:048
4.9265,-8.9183,2.2661,-1.792,0.5511,1.0322,-0.1443,-1.7573,0.03,1448,2019-08-07 16:21:23:053
4.9265,-8.9183,2.2661,-1.792,0.5511,1.0322,-0.1443,-1.7573,0.03,1453,2019-08-07 16:21:23:058
7.3329,-9.7251,1.6486,-1.792,0.5511,1.0322,-0.1443,-1.7573,0.03,1458,2019-08-07 16:21:23:063
7.3329,-9.7251,1.6486,-1.792,0.5511,1.0322,-0.058,-1.1256,-0.0361,1463,2019-08-07 16:21:23:068
7.4238,-9.5198,1.394,-3.7858,1.0915,1.3038,-0.058,-1.1256,-0.0361,1468,2019-08-07 16:21:23:073
7.4238,-9.5198,1.394,-3.7858,1.0915,1.3038,-0.058,-1.1256,-0.0361,1473,2019-08-07 16:21:23:078
7.4238,-9.5198,1.394,-3.3266,0.5521,1.7641,0.1827,0.2316,0.0353,1477,2019-08-07 16:21:23:082
6.3282,-8.6557,0.7058,-3.3266,0.5521,1.7641,0.1827,0.2316,0.0353,1484,2019-08-07 16:21:23:089
6.3282,-8.6557,0.7058,-3.3266,0.5521,1.7641,0.106,1.3917,0.0843,1488,2019-08-07 16:21:23:093
6.3282,-8.6557,0.7058,-3.3266,0.5521,1.7641,0.106,1.3917,0.0843,1493,2019-08-07 16:21:23:098
4.5915,-8.2643,1.988,-0.3247,-0.3405,0.4005,0.0272,1.6036,0.0736,1499,2019-08-07 16:21:23:104
4.5915,-8.2643,1.988,-0.3247,-0.3405,0.4005,0.0272,1.6036,0.0736,1503,2019-08-07 16:21:23:108
1.8932,-8.4839,3.963,-0.3247,-0.3405,0.4005,0.0272,1.6036,0.0736,1508,2019-08-07 16:21:23:113
1.8932,-8.4839,3.963,-0.3247,0.0492,-1.4184,-0.0037,1.4012,0.0875,1513,2019-08-07 16:21:23:118
1.0368,-8.6128,4.5758,2.4803,0.0492,-1.4184,-0.0037,1.4012,0.0875,1517,2019-08-07 16:21:23:122
1.0368,-8.6128,4.5758,2.4803,0.0492,-1.4184,-0.041,0.728,0.1013,1523,2019-08-07 16:21:23:128
1.0368,-8.6128,4.5758,2.5584,0.129,-1.5315,-0.041,0.728,0.1013,1527,2019-08-07 16:21:23:132
1.2425,-8.756,4.2553,2.5584,0.129,-1.5315,-0.0644,0.1229,0.0641,1533,2019-08-07 16:21:23:138
1.2425,-8.756,4.2553,2.5584,0.129,-1.5315,-0.0644,0.1229,0.0641,1538,2019-08-07 16:21:23:143
1.2425,-8.756,4.2553,2.5584,0.129,-1.5315,-0.0644,0.1229,0.0641,1543,2019-08-07 16:21:23:148
1.9602,-8.565,4.0055,1.3598,-0.111,-0.8334,-0.106,-0.4161,0.0055,1548,2019-08-07 16:21:23:153
1.9602,-8.565,4.0055,1.3598,-0.111,-0.8334,-0.106,-0.4161,0.0055,1552,2019-08-07 16:21:23:157
1.9602,-8.565,4.0055,1.3598,-0.111,-0.8334,-0.106,-0.4161,0.0055,1558,2019-08-07 16:21:23:163
3.5868,-8.4982,2.7374,1.3598,-0.111,-0.8334,-0.1742,-0.8646,0.0289,1563,2019-08-07 16:21:23:168
3.5868,-8.4982,2.7374,-0.9314,0.1215,0.7709,-0.1742,-0.8646,0.0289,1567,2019-08-07 16:21:23:172
5.1372,-8.9135,2.0116,-0.9314,0.1215,0.7709,-0.1614,-0.6259,0.0427,1573,2019-08-07 16:21:23:178
5.1372,-8.9135,2.0116,-0.9314,0.1215,0.7709,-0.1614,-0.6259,0.0427,1578,2019-08-07 16:21:23:183
5.1372,-8.9135,2.0116,-0.9314,0.1215,0.7709,-0.1017,-0.2638,0.0662,1582,2019-08-07 16:21:23:187
5.1468,-8.8228,1.9644,-1.5008,0.1869,0.9277,-0.1017,-0.2638,0.0662,1588,2019-08-07 16:21:23:193
5.1468,-8.8228,1.9644,-1.5008,0.1869,0.9277,-0.1017,-0.2638,0.0662,1594,2019-08-07 16:21:23:199
4.7162,-8.7178,2.0964,-1.0752,0.0769,0.787,-0.0548,0.0484,0.1088,1598,2019-08-07 16:21:23:203
4.7162,-8.7178,2.0964,-1.0752,0.0769,0.787,-0.0548,0.0484,0.1088,1603,2019-08-07 16:21:23:208
4.7162,-8.7178,2.0964,-1.0752,0.0769,0.787,-0.0634,0.4873,0.1855,1608,2019-08-07 16:21:23:213
3.7546,-8.6271,2.3274,-1.0752,0.0769,0.787,-0.0634,0.4873,0.1855,1613,2019-08-07 16:21:23:218
3.7546,-8.6271,2.3274,0.2629,0.0504,0.3185,-0.1124,0.5863,0.1887,1617,2019-08-07 16:21:23:222
3.7546,-8.6271,2.3274,0.2629,0.0504,0.3185,-0.1124,0.5863,0.1887,1623,2019-08-07 16:21:23:228
2.9365,-8.8181,2.8506,0.7061,0.2112,-0.0532,-0.1326,0.581,0.1738,1627,2019-08-07 16:21:23:232
2.9365,-8.8181,2.8506,0.7061,0.2112,-0.0532,-0.1326,0.581,0.1738,1633,2019-08-07 16:21:23:238
2.9365,-8.8181,2.8506,0.7061,0.2112,-0.0532,-0.0783,0.3892,0.1482,1637,2019-08-07 16:21:23:242
2.635,-8.9708,3.1335,0.7061,0.2112,-0.0532,-0.0783,0.3892,0.1482,1643,2019-08-07 16:21:23:248
2.635,-8.9708,3.1335,0.824,0.2453,0.0483,-0.0293,0.3104,0.1386,1648,2019-08-07 16:21:23:253
2.635,-8.9708,3.1335,0.824,0.2453,0.0483,-0.0293,0.3104,0.1386,1653,2019-08-07 16:21:23:258
2.8121,-8.7083,2.8553,0.824,0.2453,0.0483,-0.0293,0.3104,0.1386,1658,2019-08-07 16:21:23:263
2.8121,-8.7083,2.8553,0.824,0.2453,0.0483,-0.0176,0.222,0.1237,1663,2019-08-07 16:21:23:268
2.9221,-8.4552,3.058,0.5806,-0.2393,-0.1727,-0.0176,0.222,0.1237,1668,2019-08-07 16:21:23:273
2.9221,-8.4552,3.058,0.5806,-0.2393,-0.1727,-0.0165,0.1357,0.128,1672,2019-08-07 16:21:23:277
2.9221,-8.4552,3.058,0.5806,-0.2393,-0.1727,-0.0165,0.1357,0.128,1678,2019-08-07 16:21:23:283
3.0513,-8.3168,3.3409,0.5806,-0.2393,-0.1727,-0.0516,0.0878,0.1173,1683,2019-08-07 16:21:23:288
3.0513,-8.3168,3.3409,0.5211,-0.4836,-0.5398,-0.0516,0.0878,0.1173,1687,2019-08-07 16:21:23:292
3.0513,-8.3168,3.3409,0.5211,-0.4836,-0.5398,-0.0516,0.0878,0.1173,1693,2019-08-07 16:21:23:298
2.836,-8.2118,3.4069,0.5211,-0.4836,-0.5398,-0.1113,-0.0241,0.1344,1698,2019-08-07 16:21:23:303
2.836,-8.2118,3.4069,0.5211,-0.4836,-0.5398,-0.1113,-0.0241,0.1344,1703,2019-08-07 16:21:23:308
2.836,-8.2118,3.4069,0.5211,-0.4836,-0.5398,-0.1113,-0.0241,0.1344,1708,2019-08-07 16:21:23:313
2.9077,-8.5794,3.2654,0.4888,-0.148,-0.3443,-0.2104,-0.2488,0.1439,1713,2019-08-07 16:21:23:318
2.9077,-8.5794,3.2654,0.4888,-0.148,-0.3443,-0.2104,-0.2488,0.1439,1718,2019-08-07 16:21:23:323
2.9077,-8.5794,3.2654,0.4888,-0.148,-0.3443,-0.2572,-0.3064,0.0907,1722,2019-08-07 16:21:23:327
4.1133,-9.1045,2.4641,-0.8814,0.3644,0.4862,-0.2572,-0.3064,0.0907,1728,2019-08-07 16:21:23:333
4.1133,-9.1045,2.4641,-0.8814,0.3644,0.4862,-0.2242,-0.1317,0.0417,1733,2019-08-07 16:21:23:338
4.1133,-9.1045,2.4641,-0.8814,0.3644,0.4862,-0.2242,-0.1317,0.0417,1737,2019-08-07 16:21:23:342
4.7114,-8.9613,2.1247,-0.8814,0.3644,0.4862,-0.1454,0.1954,0.031,1743,2019-08-07 16:21:23:348
4.7114,-8.9613,2.1247,-1.359,0.0366,1.1342,-0.1454,0.1954,0.031,1748,2019-08-07 16:21:23:353
4.5965,-8.565,1.6392,-1.359,0.0366,1.1342,-0.1454,0.1954,0.031,1753,2019-08-07 16:21:23:358
4.5965,-8.565,1.6392,-1.359,0.0366,1.1342,-0.0825,0.6534,0.0076,1758,2019-08-07 16:21:23:363
4.5965,-8.565,1.6392,-0.8549,-0.3817,1.0175,-0.0825,0.6534,0.0076,1763,2019-08-07 16:21:23:368
3.5536,-8.1736,2.3604,-0.8549,-0.3817,1.0175,-0.0623,0.8207,0.0044,1768,2019-08-07 16:21:23:373
3.5536,-8.1736,2.3604,-0.8549,-0.3817,1.0175,-0.0623,0.8207,0.0044,1773,2019-08-07 16:21:23:378
2.7642,-8.1784,3.2277,0.5729,-0.5905,-0.363,-0.0346,0.7621,0.0214,1778,2019-08-07 16:21:23:383
2.7642,-8.1784,3.2277,0.5729,-0.5905,-0.363,-0.0346,0.7621,0.0214,1783,2019-08-07 16:21:23:388
2.7642,-8.1784,3.2277,0.5729,-0.5905,-0.363,-0.0048,0.4713,0.0119,1788,2019-08-07 16:21:23:393
2.7642,-8.1784,3.2277,0.5729,-0.5905,-0.363,-0.0048,0.4713,0.0119,1793,2019-08-07 16:21:23:398
2.1996,-8.1545,3.7227,1.2105,-0.6206,-0.8763,-0.0058,0.1123,0.0023,1798,2019-08-07 16:21:23:403
2.1996,-8.1545,3.7227,1.2105,-0.6206,-0.8763,-0.0058,0.1123,0.0023,1803,2019-08-07 16:21:23:408
2.1996,-8.1545,3.7227,1.2105,-0.6206,-0.8763,-0.0058,0.1123,0.0023,1808,2019-08-07 16:21:23:413
2.1805,-8.164,3.6095,1.1166,-0.607,-0.7054,-0.0335,-0.2872,0.0161,1813,2019-08-07 16:21:23:418
2.1805,-8.164,3.6095,1.1166,-0.607,-0.7054,-0.0335,-0.2872,0.0161,1818,2019-08-07 16:21:23:423
2.1805,-8.164,3.6095,1.1166,-0.607,-0.7054,-0.074,-0.5812,0.0044,1823,2019-08-07 16:21:23:428
3.3574,-8.4887,2.6668,1.1166,-0.607,-0.7054,-0.074,-0.5812,0.0044,1828,2019-08-07 16:21:23:433
3.3574,-8.4887,2.6668,-0.4212,-0.1765,0.5624,-0.0953,-0.5897,-0.0244,1833,2019-08-07 16:21:23:438
3.3574,-8.4887,2.6668,-0.4212,-0.1765,0.5624,-0.0953,-0.5897,-0.0244,1837,2019-08-07 16:21:23:442
4.8309,-8.966,1.6863,-0.4212,-0.1765,0.5624,-0.0708,-0.3394,-0.0521,1843,2019-08-07 16:21:23:448
4.8309,-8.966,1.6863,-1.7158,0.3141,1.2,-0.0708,-0.3394,-0.0521,1848,2019-08-07 16:21:23:453
4.8309,-8.966,1.6863,-1.7158,0.3141,1.2,0.0293,0.2018,-0.0755,1853,2019-08-07 16:21:23:458
4.9697,-9.1045,1.6203,-1.7158,0.3141,1.2,0.0293,0.2018,-0.0755,1858,2019-08-07 16:21:23:463
4.9697,-9.1045,1.6203,-1.5411,0.2506,1.2019,0.0922,0.6375,-0.1011,1863,2019-08-07 16:21:23:468
4.3142,-8.7655,1.7806,-1.5411,0.2506,1.2019,0.0922,0.6375,-0.1011,1867,2019-08-07 16:21:23:472
4.3142,-8.7655,1.7806,-1.5411,0.2506,1.2019,0.0922,0.6375,-0.1011,1873,2019-08-07 16:21:23:478
4.3142,-8.7655,1.7806,-1.5411,0.2506,1.2019,0.0996,0.8601,-0.116,1877,2019-08-07 16:21:23:482
3.0177,-8.4934,2.6998,0.3352,-0.267,0.1725,0.0996,0.8601,-0.116,1883,2019-08-07 16:21:23:488
3.0177,-8.4934,2.6998,0.3352,-0.267,0.1725,0.0709,0.7664,-0.1149,1888,2019-08-07 16:21:23:493
2.0034,-8.5173,3.6237,0.3352,-0.267,0.1725,0.0709,0.7664,-0.1149,1893,2019-08-07 16:21:23:498
2.0034,-8.5173,3.6237,0.3352,-0.267,0.1725,0.0709,0.7664,-0.1149,1899,2019-08-07 16:21:23:504
2.0034,-8.5173,3.6237,1.5953,-0.1938,-0.9079,0.0538,0.4393,-0.116,1903,2019-08-07 16:21:23:508
2.0034,-8.5173,3.6237,1.5953,-0.1938,-0.9079,0.0538,0.4393,-0.116,1907,2019-08-07 16:21:23:512
1.6398,-8.565,4.1281,1.5953,-0.1938,-0.9079,0.0442,0.1315,-0.1202,1914,2019-08-07 16:21:23:519
1.6398,-8.565,4.1281,1.4436,-0.3373,-0.8873,0.0442,0.1315,-0.1202,1918,2019-08-07 16:21:23:523
1.9891,-8.4314,3.652,1.4436,-0.3373,-0.8873,-0.0069,-0.512,-0.1011,1923,2019-08-07 16:21:23:528
1.9891,-8.4314,3.652,1.4436,-0.3373,-0.8873,-0.0069,-0.512,-0.1011,1928,2019-08-07 16:21:23:533
1.9891,-8.4314,3.652,1.4436,-0.3373,-0.8873,-0.0634,-0.7719,-0.0776,1933,2019-08-07 16:21:23:538
3.032,-8.5507,2.9685,1.4436,-0.3373,-0.8873,-0.0634,-0.7719,-0.0776,1938,2019-08-07 16:21:23:543
3.032,-8.5507,2.9685,-0.1224,-0.0672,0.2693,-0.0943,-0.8624,-0.0595,1943,2019-08-07 16:21:23:548
4.3142,-8.9135,2.3085,-0.1224,-0.0672,0.2693,-0.0943,-0.8624,-0.0595,1948,2019-08-07 16:21:23:553
4.3142,-8.9135,2.3085,-0.1224,-0.0672,0.2693,-0.0943,-0.8624,-0.0595,1952,2019-08-07 16:21:23:557
4.3142,-8.9135,2.3085,-0.1224,-0.0672,0.2693,-0.0911,-0.6632,-0.0467,1958,2019-08-07 16:21:23:563
5.1371,-9.1188,2.0681,-1.8416,0.4138,0.8633,-0.0911,-0.6632,-0.0467,1963,2019-08-07 16:21:23:568
5.1371,-9.1188,2.0681,-1.8416,0.4138,0.8633,-0.0463,-0.301,-0.0478,1969,2019-08-07 16:21:23:574
5.1371,-9.1188,2.0681,-1.8416,0.4138,0.8633,-0.0463,-0.301,-0.0478,1973,2019-08-07 16:21:23:578
5.2615,-8.7942,2.0351,-1.8416,0.4138,0.8633,-0.0069,-0.0113,-0.0244,1978,2019-08-07 16:21:23:583
5.2615,-8.7942,2.0351,-1.4624,-0.1515,0.7186,-0.0069,-0.0113,-0.0244,1983,2019-08-07 16:21:23:588
5.2615,-8.7942,2.0351,-1.4624,-0.1515,0.7186,-0.0037,0.4723,0.0321,1988,2019-08-07 16:21:23:593
4.252,-8.4505,2.3274,-0.7965,-0.2851,0.4987,-0.0037,0.4723,0.0321,1993,2019-08-07 16:21:23:598
4.252,-8.4505,2.3274,-0.7965,-0.2851,0.4987,-0.0431,0.5885,0.0385,1998,2019-08-07 16:21:23:603
4.252,-8.4505,2.3274,-0.7965,-0.2851,0.4987,-0.0431,0.5885,0.0385,2003,2019-08-07 16:21:23:608
3.1325,-8.5841,3.3833,-0.7965,-0.2851,0.4987,-0.0431,0.5885,0.0385,2007,2019-08-07 16:21:23:612
3.1325,-8.5841,3.3833,0.5423,-0.108,-0.8016,-0.0538,0.5235,0.0406,2013,2019-08-07 16:21:23:618
2.6875,-8.6748,3.6425,0.5423,-0.108,-0.8016,-0.0538,0.5235,0.0406,2018,2019-08-07 16:21:23:623
2.6875,-8.6748,3.6425,0.5423,-0.108,-0.8016,-0.0293,0.2774,0.0406,2023,2019-08-07 16:21:23:628
2.6875,-8.6748,3.6425,0.5423,-0.108,-0.8016,-0.0293,0.2774,0.0406,2027,2019-08-07 16:21:23:632
2.6732,-8.6462,3.3927,0.7139,-0.0986,-0.513,-0.0346,0.0611,0.0225,2033,2019-08-07 16:21:23:638
2.6732,-8.6462,3.3927,0.7139,-0.0986,-0.513,-0.0346,0.0611,0.0225,2038,2019-08-07 16:21:23:643
2.6732,-8.6462,3.3927,0.7139,-0.0986,-0.513,-0.0399,-0.1338,0.0044,2043,2019-08-07 16:21:23:648
3.0416,-8.5364,3.157,0.7139,-0.0986,-0.513,-0.0399,-0.1338,0.0044,2048,2019-08-07 16:21:23:653
3.0416,-8.5364,3.157,0.0316,-0.1255,-0.0766,-0.0367,-0.2616,-0.0052,2053,2019-08-07 16:21:23:658
3.0416,-8.5364,3.157,0.0316,-0.1255,-0.0766,-0.0367,-0.2616,-0.0052,2058,2019-08-07 16:21:23:663
3.6205,-8.6366,2.9496,-0.4424,-0.0591,0.0714,-0.024,-0.2776,-0.0116,2063,2019-08-07 16:21:23:668
3.6205,-8.6366,2.9496,-0.4424,-0.0591,0.0714,-0.024,-0.2776,-0.0116,2068,2019-08-07 16:21:23:673
3.6205,-8.6366,2.9496,-0.4424,-0.0591,0.0714,-0.024,-0.2776,-0.0116,2073,2019-08-07 16:21:23:678
4.1802,-8.7082,2.7563,-0.4424,-0.0591,0.0714,-0.0016,-0.1849,-0.019,2077,2019-08-07 16:21:23:682
4.1802,-8.7082,2.7563,-0.7863,-0.081,0.0823,-0.0016,-0.1849,-0.019,2083,2019-08-07 16:21:23:688
4.1802,-8.7082,2.7563,-0.7863,-0.081,0.0823,0.0144,-0.0411,-0.018,2087,2019-08-07 16:21:23:692
4.0415,-8.4839,2.8647,-0.7863,-0.081,0.0823,0.0144,-0.0411,-0.018,2093,2019-08-07 16:21:23:698
4.0415,-8.4839,2.8647,-0.7863,-0.081,0.0823,-0.0037,0.0207,-9.0E-4,2098,2019-08-07 16:21:23:703
3.874,-8.3741,2.8789,-0.4488,-0.3693,-0.0403,-0.0037,0.0207,-9.0E-4,2103,2019-08-07 16:21:23:708
3.874,-8.3741,2.8789,-0.4488,-0.3693,-0.0403,-0.0037,0.0207,-9.0E-4,2107,2019-08-07 16:21:23:712
3.874,-8.3741,2.8789,-0.4488,-0.3693,-0.0403,-0.0325,0.0398,0.0129,2113,2019-08-07 16:21:23:718
3.7592,-8.4839,2.9826,-0.4488,-0.3693,-0.0403,-0.0325,0.0398,0.0129,2118,2019-08-07 16:21:23:723
3.7592,-8.4839,2.9826,-0.2011,-0.2226,-0.2032,-0.0453,0.0345,0.0044,2123,2019-08-07 16:21:23:728
3.6443,-8.5507,3.058,-0.2011,-0.2226,-0.2032,-0.0453,0.0345,0.0044,2128,2019-08-07 16:21:23:733
3.6443,-8.5507,3.058,-0.2011,-0.2226,-0.2032,-0.041,0.0207,1.0E-4,2132,2019-08-07 16:21:23:737
3.6443,-8.5507,3.058,-0.2011,-0.2226,-0.2032,-0.041,0.0207,1.0E-4,2138,2019-08-07 16:21:23:743
3.5965,-8.5459,2.8647,-0.21,-0.1859,-0.0342,-0.0453,0.0079,-0.0041,2143,2019-08-07 16:21:23:748
3.5965,-8.5459,2.8647,-0.21,-0.1859,-0.0342,-0.0453,0.0079,-0.0041,2149,2019-08-07 16:21:23:754
3.5965,-8.5459,2.8647,-0.21,-0.1859,-0.0342,-0.0442,0.0217,-0.0084,2153,2019-08-07 16:21:23:758
3.7113,-8.5221,2.7987,-0.21,-0.1859,-0.0342,-0.0442,0.0217,-0.0084,2158,2019-08-07 16:21:23:763
3.7113,-8.5221,2.7987,-0.2839,-0.2204,0.1006,-0.0442,0.026,-0.0116,2163,2019-08-07 16:21:23:768
3.6395,-8.5698,2.6385,-0.2839,-0.2204,0.1006,-0.0442,0.026,-0.0116,2167,2019-08-07 16:21:23:772
3.6395,-8.5698,2.6385,-0.2839,-0.2204,0.1006,-0.0442,0.026,-0.0116,2173,2019-08-07 16:21:23:778
3.6395,-8.5698,2.6385,-0.278,-0.1302,0.0365,-0.0399,0.0526,-0.0116,2178,2019-08-07 16:21:23:783
3.673,-8.608,2.8694,-0.278,-0.1302,0.0365,-0.0399,0.0526,-0.0116,2182,2019-08-07 16:21:23:787
3.673,-8.608,2.8694,-0.278,-0.1302,0.0365,-0.0122,0.0356,-0.0126,2188,2019-08-07 16:21:23:793
3.5821,-8.565,2.926,-0.278,-0.1302,0.0365,-0.0122,0.0356,-0.0126,2192,2019-08-07 16:21:23:797
3.5821,-8.565,2.926,-0.157,-0.1918,-0.0724,-0.0058,0.0164,-0.0105,2198,2019-08-07 16:21:23:803
3.5821,-8.565,2.926,-0.157,-0.1918,-0.0724,-0.0058,0.0164,-0.0105,2203,2019-08-07 16:21:23:808
3.6395,-8.5412,2.7752,-0.157,-0.1918,-0.0724,-0.0058,0.0164,-0.0105,2207,2019-08-07 16:21:23:812
3.6395,-8.5412,2.7752,-0.2356,-0.1766,0.1204,-0.0101,0.0079,-0.0073,2214,2019-08-07 16:21:23:819
3.6395,-8.5412,2.7752,-0.2356,-0.1766,0.1204,-0.0101,0.0079,-0.0073,2217,2019-08-07 16:21:23:822
3.7113,-8.6605,2.7045,-0.2356,-0.1766,0.1204,-0.0218,0.0494,-0.019,2223,2019-08-07 16:21:23:828
3.7113,-8.6605,2.7045,-0.2773,-0.0428,0.1617,-0.0218,0.0494,-0.019,2227,2019-08-07 16:21:23:832
3.6108,-8.756,2.5819,-0.2773,-0.0428,0.1617,-0.0186,0.1006,-0.0371,2233,2019-08-07 16:21:23:838
3.6108,-8.756,2.5819,-0.2773,-0.0428,0.1617,-0.0186,0.1006,-0.0371,2238,2019-08-07 16:21:23:843
3.4482,-8.8371,2.6997,-0.2773,-0.0428,0.1617,-0.0058,0.14,-0.0478,2243,2019-08-07 16:21:23:848
3.4482,-8.8371,2.6997,0.0302,0.0829,0.0236,-0.0058,0.14,-0.0478,2248,2019-08-07 16:21:23:853
3.4482,-8.8371,2.6997,0.0302,0.0829,0.0236,-0.0058,0.14,-0.0478,2252,2019-08-07 16:21:23:857
3.4482,-8.8371,2.6997,0.0302,0.0829,0.0236,0.0251,0.1474,-0.0616,2258,2019-08-07 16:21:23:863
3.2329,-8.8276,2.9024,0.0302,0.0829,0.0236,0.0251,0.1474,-0.0616,2263,2019-08-07 16:21:23:868
3.2329,-8.8276,2.9024,0.3135,0.0448,-0.0144,0.0304,0.1347,-0.0755,2267,2019-08-07 16:21:23:872
3.0941,-8.7417,2.959,0.3135,0.0448,-0.0144,0.0304,0.1347,-0.0755,2273,2019-08-07 16:21:23:878
3.0941,-8.7417,2.959,0.3353,-0.0713,-0.1443,0.0197,0.0665,-0.0798,2278,2019-08-07 16:21:23:883
3.0941,-8.7417,2.959,0.3353,-0.0713,-0.1443,0.0197,0.0665,-0.0798,2283,2019-08-07 16:21:23:888
3.2376,-8.6509,3.1381,0.3353,-0.0713,-0.1443,0.0251,-0.0198,-0.0861,2288,2019-08-07 16:21:23:893
3.2376,-8.6509,3.1381,0.3353,-0.0713,-0.1443,0.0251,-0.0198,-0.0861,2293,2019-08-07 16:21:23:898
3.4481,-8.503,3.0674,0.0856,-0.2072,-0.2513,0.0176,-0.072,-0.084,2298,2019-08-07 16:21:23:903
3.4481,-8.503,3.0674,0.0856,-0.2072,-0.2513,0.0176,-0.072,-0.084,2302,2019-08-07 16:21:23:907
3.4481,-8.503,3.0674,0.0856,-0.2072,-0.2513,0.0176,-0.072,-0.084,2308,2019-08-07 16:21:23:913
3.563,-8.417,3.0156,0.0856,-0.2072,-0.2513,0.0027,-0.1274,-0.0691,2313,2019-08-07 16:21:23:918
3.563,-8.417,3.0156,-0.2623,-0.3151,-0.0389,0.0027,-0.1274,-0.0691,2317,2019-08-07 16:21:23:922
3.8022,-8.4886,2.8789,-0.2623,-0.3151,-0.0389,-0.025,-0.1359,-0.0446,2323,2019-08-07 16:21:23:928
3.8022,-8.4886,2.8789,-0.2623,-0.3151,-0.0389,-0.025,-0.1359,-0.0446,2328,2019-08-07 16:21:23:933
3.8022,-8.4886,2.8789,-0.2623,-0.3151,-0.0389,-0.0335,-0.1125,-0.0276,2333,2019-08-07 16:21:23:938
3.9744,-8.5411,2.7045,-0.4844,-0.179,0.1266,-0.0335,-0.1125,-0.0276,2338,2019-08-07 16:21:23:943
3.9744,-8.5411,2.7045,-0.4844,-0.179,0.1266,-0.0314,-0.0752,-0.0148,2343,2019-08-07 16:21:23:948
3.9552,-8.6318,2.6762,-0.4844,-0.179,0.1266,-0.0314,-0.0752,-0.0148,2348,2019-08-07 16:21:23:953
3.9552,-8.6318,2.6762,-0.4844,-0.179,0.1266,-0.0069,0.0089,-9.0E-4,2353,2019-08-07 16:21:23:958
3.9552,-8.6318,2.6762,-0.3951,-0.0881,0.0798,-0.0069,0.0089,-9.0E-4,2358,2019-08-07 16:21:23:963
3.8404,-8.6509,2.7327,-0.3951,-0.0881,0.0798,0.0037,0.0643,0.0065,2363,2019-08-07 16:21:23:968
3.8404,-8.6509,2.7327,-0.3951,-0.0881,0.0798,0.0037,0.0643,0.0065,2368,2019-08-07 16:21:23:973
3.8404,-8.6509,2.7327,-0.3951,-0.0881,0.0798,0.0037,0.0643,0.0065,2373,2019-08-07 16:21:23:978
3.5103,-8.6509,2.7374,0.002,-0.0784,-0.0035,0.0059,0.1368,0.0097,2378,2019-08-07 16:21:23:983
3.5103,-8.6509,2.7374,0.002,-0.0784,-0.0035,0.0059,0.1368,0.0097,2383,2019-08-07 16:21:23:988
3.1515,-8.6796,3.058,0.002,-0.0784,-0.0035,0.008,0.141,-0.0063,2388,2019-08-07 16:21:23:993
3.1515,-8.6796,3.058,0.002,-0.0784,-0.0035,0.008,0.141,-0.0063,2392,2019-08-07 16:21:23:997
3.1515,-8.6796,3.058,0.4235,-0.0253,-0.292,0.0144,0.0995,-0.0201,2398,2019-08-07 16:21:24:003
3.0319,-8.7035,3.19,0.4235,-0.0253,-0.292,0.0144,0.0995,-0.0201,2403,2019-08-07 16:21:24:008
3.0319,-8.7035,3.19,0.4235,-0.0253,-0.292,0.0144,0.0995,-0.0201,2407,2019-08-07 16:21:24:012
3.0606,-8.67,3.1051,0.4458,-0.0098,-0.2678,0.0155,0.0303,-0.035,2413,2019-08-07 16:21:24:018
3.0606,-8.67,3.1051,0.4458,-0.0098,-0.2678,0.0155,0.0303,-0.035,2418,2019-08-07 16:21:24:023
3.0606,-8.67,3.1051,0.4458,-0.0098,-0.2678,6.0E-4,-0.0859,-0.0553,2423,2019-08-07 16:21:24:028
3.2806,-8.522,3.0816,0.1682,-0.1922,-0.2393,6.0E-4,-0.0859,-0.0553,2428,2019-08-07 16:21:24:033
3.2806,-8.522,3.0816,0.1682,-0.1922,-0.2393,0.0091,-0.1498,-0.0627,2433,2019-08-07 16:21:24:038
3.2806,-8.522,3.0816,0.1682,-0.1922,-0.2393,0.0091,-0.1498,-0.0627,2437,2019-08-07 16:21:24:042
3.6873,-8.5077,2.827,0.1682,-0.1922,-0.2393,0.0133,-0.1647,-0.0638,2443,2019-08-07 16:21:24:048
3.6873,-8.5077,2.827,-0.3701,-0.258,0.162,0.0133,-0.1647,-0.0638,2448,2019-08-07 16:21:24:053
3.96,-8.417,2.6667,-0.3701,-0.258,0.162,0.0069,-0.1381,-0.0542,2453,2019-08-07 16:21:24:058
3.96,-8.417,2.6667,-0.3701,-0.258,0.162,0.0069,-0.1381,-0.0542,2458,2019-08-07 16:21:24:063
3.96,-8.417,2.6667,-0.5275,-0.2984,0.2329,0.0165,-0.0848,-0.0414,2463,2019-08-07 16:21:24:068
4.0365,-8.4313,2.6526,-0.5275,-0.2984,0.2329,0.0165,-0.0848,-0.0414,2468,2019-08-07 16:21:24:073
4.0365,-8.4313,2.6526,-0.5275,-0.2984,0.2329,0.0389,0.01,-0.034,2473,2019-08-07 16:21:24:078
3.826,-8.503,2.629,-0.2866,-0.2356,0.2357,0.0389,0.01,-0.034,2478,2019-08-07 16:21:24:083
3.826,-8.503,2.629,-0.2866,-0.2356,0.2357,0.04,0.0462,-0.0286,2483,2019-08-07 16:21:24:088
3.826,-8.503,2.629,-0.2866,-0.2356,0.2357,0.04,0.0462,-0.0286,2487,2019-08-07 16:21:24:092
3.5533,-8.5077,2.7327,-0.2866,-0.2356,0.2357,0.0389,0.0548,-0.0222,2493,2019-08-07 16:21:24:098
3.5533,-8.5077,2.7327,0.1177,-0.1024,-0.032,0.0389,0.0548,-0.0222,2498,2019-08-07 16:21:24:103
3.5533,-8.5077,2.7327,0.1177,-0.1024,-0.032,0.0346,0.0207,-0.0222,2503,2019-08-07 16:21:24:108
3.3093,-8.6175,2.8553,0.1177,-0.1024,-0.032,0.0346,0.0207,-0.0222,2507,2019-08-07 16:21:24:112
3.3093,-8.6175,2.8553,0.2237,-0.0768,0.01,0.0251,-0.0273,-0.0276,2513,2019-08-07 16:21:24:118
3.338,-8.7225,2.9118,0.2237,-0.0768,0.01,0.0251,-0.0273,-0.0276,2518,2019-08-07 16:21:24:123
3.338,-8.7225,2.9118,0.2237,-0.0768,0.01,0.0251,-0.0273,-0.0276,2523,2019-08-07 16:21:24:128
3.338,-8.7225,2.9118,0.2237,-0.0768,0.01,0.024,-0.0709,-0.035,2527,2019-08-07 16:21:24:132
3.3141,-8.6891,2.9778,0.2251,0.0076,-0.1246,0.024,-0.0709,-0.035,2533,2019-08-07 16:21:24:138
3.3141,-8.6891,2.9778,0.2251,0.0076,-0.1246,0.0357,-0.0976,-0.0403,2538,2019-08-07 16:21:24:143
3.3811,-8.6605,2.8977,0.2251,0.0076,-0.1246,0.0357,-0.0976,-0.0403,2543,2019-08-07 16:21:24:148
3.3811,-8.6605,2.8977,0.1361,-0.1072,0.0777,0.04,-0.088,-0.0425,2548,2019-08-07 16:21:24:153
3.3811,-8.6605,2.8977,0.1361,-0.1072,0.0777,0.04,-0.088,-0.0425,2552,2019-08-07 16:21:24:157
3.5246,-8.4982,2.926,0.1361,-0.1072,0.0777,0.04,-0.088,-0.0425,2558,2019-08-07 16:21:24:163
3.5246,-8.4982,2.926,0.0422,-0.2428,-0.0775,0.0421,-0.0901,-0.0435,2562,2019-08-07 16:21:24:167
3.5873,-8.5078,2.9025,0.0422,-0.2428,-0.0775,0.0421,-0.0901,-0.0435,2568,2019-08-07 16:21:24:173
3.5873,-8.5078,2.9025,0.0422,-0.2428,-0.0775,0.0506,-0.0709,-0.0425,2572,2019-08-07 16:21:24:177
3.5873,-8.5078,2.9025,0.0422,-0.2428,-0.0775,0.0506,-0.0709,-0.0425,2578,2019-08-07 16:21:24:183
3.7308,-8.4553,2.8318,-0.1608,-0.1935,0.053,0.0378,-0.0475,-0.0489,2583,2019-08-07 16:21:24:188
3.7308,-8.4553,2.8318,-0.1608,-0.1935,0.053,0.0378,-0.0475,-0.0489,2588,2019-08-07 16:21:24:193
3.7308,-8.4553,2.8318,-0.1608,-0.1935,0.053,0.0346,-0.0614,-0.0467,2593,2019-08-07 16:21:24:198
3.6447,-8.4123,3.0392,-0.0811,-0.1918,-0.1225,0.0346,-0.0614,-0.0467,2598,2019-08-07 16:21:24:203
3.6447,-8.4123,3.0392,-0.0811,-0.1918,-0.1225,0.0314,-0.0741,-0.0371,2603,2019-08-07 16:21:24:208
3.6447,-8.4123,3.0392,-0.0811,-0.1918,-0.1225,0.0314,-0.0741,-0.0371,2608,2019-08-07 16:21:24:213
3.6973,-8.5698,2.9874,-0.0811,-0.1918,-0.1225,0.0314,-0.0741,-0.0371,2612,2019-08-07 16:21:24:217
3.6973,-8.5698,2.9874,-0.0811,-0.1918,-0.1225,0.0048,-0.104,-0.0403,2618,2019-08-07 16:21:24:223
3.7261,-8.6558,2.9921,-0.1451,0.0132,-0.1106,0.0048,-0.104,-0.0403,2623,2019-08-07 16:21:24:228
3.7261,-8.6558,2.9921,-0.1451,0.0132,-0.1106,-0.008,-0.1072,-0.0414,2628,2019-08-07 16:21:24:233
3.7595,-8.6844,2.9402,-0.1451,0.0132,-0.1106,-0.008,-0.1072,-0.0414,2633,2019-08-07 16:21:24:238
3.7595,-8.6844,2.9402,-0.1451,0.0132,-0.1106,-0.0112,-0.1231,-0.0382,2637,2019-08-07 16:21:24:242
3.7595,-8.6844,2.9402,-0.1262,-0.0125,-0.0676,-0.0112,-0.1231,-0.0382,2643,2019-08-07 16:21:24:248
3.8122,-8.7226,2.945,-0.1262,-0.0125,-0.0676,-0.0122,-0.1125,-0.0265,2647,2019-08-07 16:21:24:252
3.8122,-8.7226,2.945,-0.1262,-0.0125,-0.0676,-0.0122,-0.1125,-0.0265,2653,2019-08-07 16:21:24:258
3.8122,-8.7226,2.945,-0.1262,-0.0125,-0.0676,-0.0122,-0.1125,-0.0265,2657,2019-08-07 16:21:24:262
3.7548,-8.6844,2.8837,-0.1196,0.0367,0.0025,-0.0165,-0.0816,-0.0137,2663,2019-08-07 16:21:24:268
3.7548,-8.6844,2.8837,-0.1196,0.0367,0.0025,-0.0165,-0.0816,-0.0137,2668,2019-08-07 16:21:24:273
3.7548,-8.6844,2.8837,-0.1196,0.0367,0.0025,-0.009,-0.039,-0.0094,2672,2019-08-07 16:21:24:277
3.7356,-8.6892,2.9214,-0.1196,0.0367,0.0025,-0.009,-0.039,-0.0094,2678,2019-08-07 16:21:24:283
3.7356,-8.6892,2.9214,-0.0284,-0.0297,-0.0874,0.0059,-0.039,-0.0094,2683,2019-08-07 16:21:24:288
3.7356,-8.6892,2.9214,-0.0284,-0.0297,-0.0874,0.0059,-0.039,-0.0094,2688,2019-08-07 16:21:24:293
3.7356,-8.6223,2.9921,-0.0284,-0.0297,-0.0874,0.0208,-0.0273,-0.0073,2693,2019-08-07 16:21:24:298
3.7356,-8.6223,2.9921,-0.0284,-0.0297,-0.0874,0.0208,-0.0273,-0.0073,2698,2019-08-07 16:21:24:303
3.7356,-8.6223,2.9921,-0.1348,-0.1088,-0.133,0.0208,-0.0273,-0.0073,2702,2019-08-07 16:21:24:307
3.7643,-8.5316,2.9968,-0.1348,-0.1088,-0.133,0.0251,-0.0156,-0.0073,2708,2019-08-07 16:21:24:313
3.7643,-8.5316,2.9968,-0.1348,-0.1088,-0.133,0.0251,-0.0156,-0.0073,2713,2019-08-07 16:21:24:318
3.3146,-8.4409,2.4264,-0.1348,-0.1088,-0.133,-0.0154,-0.0997,-0.0158,2717,2019-08-07 16:21:24:322
3.3146,-8.4409,2.4264,0.511,-0.2078,0.3833,-0.0154,-0.0997,-0.0158,2723,2019-08-07 16:21:24:328
3.3146,-8.4409,2.4264,0.511,-0.2078,0.3833,-0.139,-0.3468,1.0E-4,2728,2019-08-07 16:21:24:333
3.2333,-8.5842,3.5907,0.511,-0.2078,0.3833,-0.139,-0.3468,1.0E-4,2732,2019-08-07 16:21:24:337
3.2333,-8.5842,3.5907,0.511,-0.2078,0.3833,-0.0037,-0.2169,-0.0073,2738,2019-08-07 16:21:24:343
3.9414,-8.8038,3.3975,-0.2884,0.1417,-0.5937,-0.0037,-0.2169,-0.0073,2743,2019-08-07 16:21:24:348
3.9414,-8.8038,3.3975,-0.2884,0.1417,-0.5937,0.155,-0.1221,-0.0478,2748,2019-08-07 16:21:24:353
3.9414,-8.8038,3.3975,-0.2884,0.1417,-0.5937,0.155,-0.1221,-0.0478,2752,2019-08-07 16:21:24:357
3.9414,-8.8038,3.3975,-0.2884,0.1417,-0.5937,0.155,-0.1221,-0.0478,2758,2019-08-07 16:21:24:363
4.4007,-8.6701,2.2709,-0.7539,-0.1517,0.8203,0.1518,-0.0219,-0.0542,2763,2019-08-07 16:21:24:368
4.4007,-8.6701,2.2709,-0.7539,-0.1517,0.8203,0.1518,-0.0219,-0.0542,2768,2019-08-07 16:21:24:373
3.9462,-8.2261,2.6338,-0.7539,-0.1517,0.8203,-0.009,0.1272,-0.0361,2773,2019-08-07 16:21:24:378
3.9462,-8.2261,2.6338,-0.7539,-0.1517,0.8203,-0.009,0.1272,-0.0361,2778,2019-08-07 16:21:24:383
3.9462,-8.2261,2.6338,-0.0572,-0.2329,-0.3142,-0.009,0.2018,-0.0031,2783,2019-08-07 16:21:24:388
3.7022,-8.5078,3.2231,-0.0572,-0.2329,-0.3142,-0.009,0.2018,-0.0031,2788,2019-08-07 16:21:24:393
3.7022,-8.5078,3.2231,-0.0572,-0.2329,-0.3142,0.0123,0.1868,-0.0063,2792,2019-08-07 16:21:24:397
3.5108,-8.6701,3.2419,-0.0572,-0.2329,-0.3142,0.0123,0.1868,-0.0063,2798,2019-08-07 16:21:24:403
3.5108,-8.6701,3.2419,0.3455,0.003,-0.4054,0.0123,0.1868,-0.0063,2802,2019-08-07 16:21:24:407
3.3051,-8.5937,3.2796,0.3455,0.003,-0.4054,0.0208,0.0207,-0.0222,2808,2019-08-07 16:21:24:413